e947cd8,Sjors van Gelderen23 hours agoUpdating documentation
f82a085,Sjors van Gelderen30 hours agoUpdating documentation
72231be,Sjors van Gelderen30 hours agoUpdating documentation
abcf204,Sjors van Gelderen2 days agoUpdating documentation and bibliography
ff3a51a,Sjors van Gelderen2 days agoUploading updated documentation
8cf43ba,Sjors van Gelderen3 days agoUpdating documentation
65c4769,Sjors van Gelderen6 days agoAdding PDF and updating some code slightly
3b0a9b0,Sjors van Gelderen8 days agoUpdating documentation
8fb4a58,Sjors van Gelderen8 days agoUpdating documentation
eaa0854,Sjors van Gelderen8 days agoUpdating documentation
cf49628,Sjors van Gelderen8 days agoUpdating documentation, tweaking some programs
46c2170,Sjors van Gelderen8 days agoUpdating documentation
807c855,Sjors van Gelderen9 days agoWrapping up project. Restructuring directories and updating documentation.
70e1d51,Sjors van Gelderen12 days agoCleaning up project and adding heap
d7822d7,Sjors van Gelderen2 weeks agoUpdating queue
d8c9a74,Sjors van Gelderen2 weeks agoAdding lots of data structures
f3d411f,Sjors van Gelderen3 weeks ago On branch master
bb69c63,Sjors van Gelderen3 weeks agoUpdating binary search tree, updating K-dimensional tree, updating binary search tree in F#
1a116fe,Sjors van Gelderen3 weeks agoUpdating KD-tree
f4f77ec,Sjors van Gelderen3 weeks agoUploading proper binary search tree
a610d41,Sjors van Gelderen3 weeks agoAdding LINQ example
72fa5f2,Sjors van Gelderen3 weeks agoUploading Dijkstra, modifying Floyd-Warshall
a35fc8b,Sjors van Gelderen3 weeks agoFloyd-warshall base code
9395383,Sjors van Gelderen3 weeks agoAdding async monad demonstration F#
788049e,Sjors van Gelderen3 weeks agoAdding parser combinator monad, threading code and regular expressions
5103234,Sjors van Gelderen3 weeks agoAdding Python 3 async (aiohttp) sample and updating C# threading sample
a5dc2bd,Sjors van Gelderen3 weeks agoMoving files around, deleting some garbage, adding async features, modifying documentation
bf8d3e3,Sjors van Gelderen4 weeks agoAdding adapter and strategy design patterns
b6f45db,Sjors van Gelderen4 weeks agoAdding abstract factory and observer design patterns
813edf1,Sjors van Gelderen5 weeks agoAdding searching algorithms for C#. Adding queue data structure for C#. Updating stack data structure for C#. Adding part of abstract factory pattern in C#. Adding option and visitor patterns in C#. Updating binary search algorithm in Python 3.
ce8ab9c,Sjors van Gelderen5 weeks agoUpdating documentation and adding stack in C#
8ed776f,Sjors van Gelderen5 weeks agoRemoving garbage, changing style
e15c269,Sjors van Gelderen5 weeks agoModifying documentation
4ac317a,Sjors van Gelderen5 weeks agoRemoving some garbage
058a5da,Sjors van Gelderen5 weeks agoAdding documentation, some code
b4979d5,Sjors van Gelderen7 weeks agoUpdating complexity in Dijkstra
7025f37,Sjors van Gelderen7 weeks agoUpdating complexity in Dijkstra
1ab4bca,Sjors van Gelderen7 weeks agoUpdating Dijkstra algorithm
a97be1c,sjorsvangelderen7 weeks agoAdding incomplete Dijkstra
0267b7e,Sjors van Gelderen7 weeks agoAdding a number of F# data structures and algorithms
9becb00,cmi8 weeks agoAdding part of kd-tree
72d0b7d,Sjors van Gelderen8 weeks agoUpdating linear search LISP
681e1f1,Sjors van Gelderen9 weeks agoAdding linear search in Chicken Scheme
fb05690,Sjors van Gelderen9 weeks agoMerge branch 'master' of https://github.com/sjorsvangelderen/Graduation
1961fa4,Sjors van Gelderen9 weeks agoAdding updated quicksort algorithm
03feee5,Sjors van Gelderen9 weeks agoUpdate binary_search_tree.py
54d2ff6,Sjors van Gelderen9 weeks agoAdding merge sort in C
006ce23,Sjors van Gelderen9 weeks agoUpdating merge sort
489dfc0,Sjors van Gelderen9 weeks agoUpdating lots of items
a1a22b3,Sjors van Gelderen3 months agoAdding yet more algorithms and samples of features
6ffe868,Sjors van Gelderen3 months agoMerge branch 'master' of https://github.com/sjorsvangelderen/Graduation
a028af1,Sjors van Gelderen3 months agoUpdating scraps
c25a80d,Sjors van Gelderen3 months agoDelete main.rs
8eaee5e,Sjors van Gelderen3 months agoAdding various scraps
1df1cca,Sjors van Gelderen3 months agoMerge branch 'master' of https://github.com/sjorsvangelderen/Graduation
66f6f8b,Sjors van Gelderen3 months agoAdding base source code
b4b3a34,Sjors van Gelderen4 months agoUpdate README.md
c3f1ad3,Sjors van Gelderen4 months agoUpdate README.md
6251dea,Sjors van Gelderen4 months agoAdding base files
a9676aa,Sjors van Gelderen4 months agoInitial commit